1/1/22 00:05;100
1/1/22 00:10;100
1/1/22 00:15;100
1/1/22 00:20;100
1/1/22 00:25;100
1/1/22 00:30;100
1/1/22 00:35;100
1/1/22 00:40;100
1/1/22 00:45;100
1/1/22 00:50;100
1/1/22 00:55;100
1/1/22 00:00;100
1/1/22 01:05;100
1/1/22 01:10;100
1/1/22 01:15;100
1/1/22 01:20;100
1/1/22 01:25;100
1/1/22 01:30;100
1/1/22 01:35;100
1/1/22 01:40;100
1/1/22 01:45;100
1/1/22 01:50;100
1/1/22 01:55;100
1/1/22 02:00;100
1/1/22 02:05;100
1/1/22 02:10;100
1/1/22 02:15;100
1/1/22 02:20;100
1/1/22 02:25;100
1/1/22 02:30;100
1/1/22 02:35;100
1/1/22 02:40;100
1/1/22 02:45;100
1/1/22 02:50;100
1/1/22 02:55;100
1/1/22 03:00;100
1/1/22 03:05;100
1/1/22 03:10;100
1/1/22 03:15;100
1/1/22 03:20;100
1/1/22 03:25;100
1/1/22 03:30;100
1/1/22 03:35;100
1/1/22 03:40;100
1/1/22 03:45;100
1/1/22 03:50;100
1/1/22 03:55;100
1/1/22 04:00;100
1/1/22 04:05;100
1/1/22 04:10;100
1/1/22 04:15;100
1/1/22 04:20;100
1/1/22 04:25;100
1/1/22 04:30;100
1/1/22 04:35;100
1/1/22 04:40;100
1/1/22 04:45;100
1/1/22 04:50;100
1/1/22 04:55;100
1/1/22 05:00;100
1/1/22 05:05;100
1/1/22 05:10;100
1/1/22 05:15;100
1/1/22 05:20;100
1/1/22 05:25;100
1/1/22 05:30;100
1/1/22 05:35;100
1/1/22 05:40;100
1/1/22 05:45;100
1/1/22 05:50;100
1/1/22 05:55;100
1/1/22 06:00;100
1/1/22 06:05;100
1/1/22 06:10;100
1/1/22 06:15;100
1/1/22 06:20;100
1/1/22 06:25;100
1/1/22 06:30;100
1/1/22 06:35;100
1/1/22 06:40;100
1/1/22 06:45;100
1/1/22 06:50;100
1/1/22 06:55;100
1/1/22 07:00;100
1/1/22 07:05;100
1/1/22 07:10;100
1/1/22 07:15;100
1/1/22 07:20;100
1/1/22 07:25;100
1/1/22 07:30;100
1/1/22 07:35;100
1/1/22 07:40;100
1/1/22 07:45;100
1/1/22 07:50;100
1/1/22 07:55;100
1/1/22 08:00;100
1/1/22 08:05;100
1/1/22 08:10;100
1/1/22 08:15;100
1/1/22 08:20;100
1/1/22 08:25;100
1/1/22 08:30;100
1/1/22 08:35;100
1/1/22 08:40;100
1/1/22 08:45;100
1/1/22 08:50;100
1/1/22 08:55;100
1/1/22 09:00;100
1/1/22 09:05;100
1/1/22 09:10;100
1/1/22 09:15;100
1/1/22 09:20;100
1/1/22 09:25;100
1/1/22 09:30;100
1/1/22 09:35;100
1/1/22 09:40;100
1/1/22 09:45;100
1/1/22 09:50;100
1/1/22 09:55;100
1/1/22 10:00;100
1/1/22 10:05;100
1/1/22 10:10;100
1/1/22 10:15;100
1/1/22 10:20;100
1/1/22 10:25;100
1/1/22 10:30;100
1/1/22 10:35;100
1/1/22 10:40;100
1/1/22 10:45;100
1/1/22 10:50;100
1/1/22 10:55;100
1/1/22 11:00;100
1/1/22 11:05;100
1/1/22 11:10;100
1/1/22 11:15;100
1/1/22 11:20;100
1/1/22 11:25;100
1/1/22 11:30;100
1/1/22 11:35;100
1/1/22 11:40;100
1/1/22 11:45;100
1/1/22 11:50;100
1/1/22 11:55;100
1/1/22 12:00;100
1/1/22 12:05;100
1/1/22 12:10;100
1/1/22 12:15;100
1/1/22 12:20;100
1/1/22 12:25;100
1/1/22 12:30;100
1/1/22 12:35;100
1/1/22 12:40;100
1/1/22 12:45;100
1/1/22 12:50;100
1/1/22 12:55;100
1/1/22 13:00;100
1/1/22 13:05;100
1/1/22 13:10;100
1/1/22 13:15;100
1/1/22 13:20;100
1/1/22 13:25;100
1/1/22 13:30;100
1/1/22 13:35;100
1/1/22 13:40;100
1/1/22 13:45;100
1/1/22 13:50;100
1/1/22 13:55;100
1/1/22 14:00;100
1/1/22 14:05;100
1/1/22 14:10;100
1/1/22 14:15;100
1/1/22 14:20;100
1/1/22 14:25;100
1/1/22 14:30;100
1/1/22 14:35;100
1/1/22 14:40;100
1/1/22 14:45;100
1/1/22 14:50;100
1/1/22 14:55;100
1/1/22 15:00;100
1/1/22 15:05;100
1/1/22 15:10;100
1/1/22 15:15;100
1/1/22 15:20;100
1/1/22 15:25;100
1/1/22 15:30;100
1/1/22 15:35;100
1/1/22 15:40;100
1/1/22 15:45;100
1/1/22 15:50;100
1/1/22 15:55;100
1/1/22 16:00;100
1/1/22 16:05;100
1/1/22 16:10;100
1/1/22 16:15;100
1/1/22 16:20;100
1/1/22 16:25;100
1/1/22 16:30;100
1/1/22 16:35;100
1/1/22 16:40;100
1/1/22 16:45;100
1/1/22 16:50;100
1/1/22 16:55;100
1/1/22 17:00;100
1/1/22 17:05;100
1/1/22 17:10;100
1/1/22 17:15;100
1/1/22 17:20;100
1/1/22 17:25;100
1/1/22 17:30;100
1/1/22 17:35;100
1/1/22 17:40;100
1/1/22 17:45;100
1/1/22 17:50;100
1/1/22 17:55;100
1/1/22 18:00;100
1/1/22 18:05;100
1/1/22 18:10;100
1/1/22 18:15;100
1/1/22 18:20;100
1/1/22 18:25;100
1/1/22 18:30;100
1/1/22 18:35;100
1/1/22 18:40;100
1/1/22 18:45;100
1/1/22 18:50;100
1/1/22 18:55;100
1/1/22 19:00;100
1/1/22 19:05;100
1/1/22 19:10;100
1/1/22 19:15;100
1/1/22 19:20;100
1/1/22 19:25;100
1/1/22 19:30;100
1/1/22 19:35;100
1/1/22 19:40;100
1/1/22 19:45;100
1/1/22 19:50;100
1/1/22 19:55;100
1/1/22 20:00;100
1/1/22 20:05;100
1/1/22 20:10;100
1/1/22 20:15;100
1/1/22 20:20;100
1/1/22 20:25;100
1/1/22 20:30;100
1/1/22 20:35;100
1/1/22 20:40;100
1/1/22 20:45;100
1/1/22 20:50;100
1/1/22 20:55;100
1/1/22 21:00;100
1/1/22 21:05;100
1/1/22 21:10;100
1/1/22 21:15;100
1/1/22 21:20;100
1/1/22 21:25;100
1/1/22 21:30;100
1/1/22 21:35;100
1/1/22 21:40;100
1/1/22 21:45;100
1/1/22 21:50;100
1/1/22 21:55;100
1/1/22 22:00;100
1/1/22 22:05;100
1/1/22 22:10;100
1/1/22 22:15;100
1/1/22 22:20;100
1/1/22 22:25;100
1/1/22 22:30;100
1/1/22 22:35;100
1/1/22 22:40;100
1/1/22 22:45;100
1/1/22 22:50;100
1/1/22 22:55;100
1/1/22 23:00;100
1/1/22 23:05;100
1/1/22 23:10;100
1/1/22 23:15;100
1/1/22 23:20;100
1/1/22 23:25;100
1/1/22 23:30;100
1/1/22 23:35;100
1/1/22 23:40;100
1/1/22 23:45;100
1/1/22 23:50;100
1/1/22 23:55;100

1/1/22 00:05;100
1/1/22 00:10;100
1/1/22 00:15;100
1/1/22 00:20;100
1/1/22 00:25;100
1/1/22 00:30;100
1/1/22 00:35;100
1/1/22 00:40;100
1/1/22 00:45;100
1/1/22 00:50;100
1/1/22 00:55;100
1/1/22 00:00;100
1/1/22 01:05;100
1/1/22 01:10;100
1/1/22 01:15;100
1/1/22 01:20;100
1/1/22 01:25;100
1/1/22 01:30;100
1/1/22 01:35;100
1/1/22 01:40;100
1/1/22 01:45;100
1/1/22 01:50;100
1/1/22 01:55;100
1/1/22 02:00;100
1/1/22 02:05;100
1/1/22 02:10;100
1/1/22 02:15;100
1/1/22 02:20;100
1/1/22 02:25;100
1/1/22 02:30;100
1/1/22 02:35;100
1/1/22 02:40;100
1/1/22 02:45;100
1/1/22 02:50;100
1/1/22 02:55;100
1/1/22 03:00;100
1/1/22 03:05;100
1/1/22 03:10;100
1/1/22 03:15;100
1/1/22 03:20;100
1/1/22 03:25;100
1/1/22 03:30;100
1/1/22 03:35;100
1/1/22 03:40;100
1/1/22 03:45;100
1/1/22 03:50;100
1/1/22 03:55;100
1/1/22 04:00;100
1/1/22 04:05;100
1/1/22 04:10;100
1/1/22 04:15;100
1/1/22 04:20;100
1/1/22 04:25;100
1/1/22 04:30;100
1/1/22 04:35;100
1/1/22 04:40;100
1/1/22 04:45;100
1/1/22 04:50;100
1/1/22 04:55;100
1/1/22 05:00;100
1/1/22 05:05;100
1/1/22 05:10;100
1/1/22 05:15;100
1/1/22 05:20;100
1/1/22 05:25;100
1/1/22 05:30;100
1/1/22 05:35;100
1/1/22 05:40;100
1/1/22 05:45;100
1/1/22 05:50;100
1/1/22 05:55;100
1/1/22 06:00;100
1/1/22 06:05;100
1/1/22 06:10;100
1/1/22 06:15;100
1/1/22 06:20;100
1/1/22 06:25;100
1/1/22 06:30;100
1/1/22 06:35;100
1/1/22 06:40;100
1/1/22 06:45;100
1/1/22 06:50;100
1/1/22 06:55;100
1/1/22 07:00;100
1/1/22 07:05;100
1/1/22 07:10;100
1/1/22 07:15;100
1/1/22 07:20;100
1/1/22 07:25;100
1/1/22 07:30;100
1/1/22 07:35;100
1/1/22 07:40;100
1/1/22 07:45;100
1/1/22 07:50;100
1/1/22 07:55;100
1/1/22 08:00;100
1/1/22 08:05;100
1/1/22 08:10;100
1/1/22 08:15;100
1/1/22 08:20;100
1/1/22 08:25;100
1/1/22 08:30;100
1/1/22 08:35;100
1/1/22 08:40;100
1/1/22 08:45;100
1/1/22 08:50;100
1/1/22 08:55;100
1/1/22 09:00;100
1/1/22 09:05;100
1/1/22 09:10;100
1/1/22 09:15;100
1/1/22 09:20;100
1/1/22 09:25;100
1/1/22 09:30;100
1/1/22 09:35;100
1/1/22 09:40;100
1/1/22 09:45;100
1/1/22 09:50;100
1/1/22 09:55;100
1/1/22 10:00;100
1/1/22 10:05;100
1/1/22 10:10;100
1/1/22 10:15;100
1/1/22 10:20;100
1/1/22 10:25;100
1/1/22 10:30;100
1/1/22 10:35;100
1/1/22 10:40;100
1/1/22 10:45;100
1/1/22 10:50;100
1/1/22 10:55;100
1/1/22 11:00;100
1/1/22 11:05;100
1/1/22 11:10;100
1/1/22 11:15;100
1/1/22 11:20;100
1/1/22 11:25;100
1/1/22 11:30;100
1/1/22 11:35;100
1/1/22 11:40;100
1/1/22 11:45;100
1/1/22 11:50;100
1/1/22 11:55;100
1/1/22 12:00;100
1/1/22 12:05;100
1/1/22 12:10;100
1/1/22 12:15;100
1/1/22 12:20;100
1/1/22 12:25;100
1/1/22 12:30;100
1/1/22 12:35;100
1/1/22 12:40;100
1/1/22 12:45;100
1/1/22 12:50;100
1/1/22 12:55;100
1/1/22 13:00;100
1/1/22 13:05;100
1/1/22 13:10;100
1/1/22 13:15;100
1/1/22 13:20;100
1/1/22 13:25;100
1/1/22 13:30;100
1/1/22 13:35;100
1/1/22 13:40;100
1/1/22 13:45;100
1/1/22 13:50;100
1/1/22 13:55;100
1/1/22 14:00;100
1/1/22 14:05;100
1/1/22 14:10;100
1/1/22 14:15;100
1/1/22 14:20;100
1/1/22 14:25;100
1/1/22 14:30;100
1/1/22 14:35;100
1/1/22 14:40;100
1/1/22 14:45;100
1/1/22 14:50;100
1/1/22 14:55;100
1/1/22 15:00;100
1/1/22 15:05;100
1/1/22 15:10;100
1/1/22 15:15;100
1/1/22 15:20;100
1/1/22 15:25;100
1/1/22 15:30;100
1/1/22 15:35;100
1/1/22 15:40;100
1/1/22 15:45;100
1/1/22 15:50;100
1/1/22 15:55;100
1/1/22 16:00;100
1/1/22 16:05;100
1/1/22 16:10;100
1/1/22 16:15;100
1/1/22 16:20;100
1/1/22 16:25;100
1/1/22 16:30;100
1/1/22 16:35;100
1/1/22 16:40;100
1/1/22 16:45;100
1/1/22 16:50;100
1/1/22 16:55;100
1/1/22 17:00;100
1/1/22 17:05;100
1/1/22 17:10;100
1/1/22 17:15;100
1/1/22 17:20;100
1/1/22 17:25;100
1/1/22 17:30;100
1/1/22 17:35;100
1/1/22 17:40;100
1/1/22 17:45;100
1/1/22 17:50;100
1/1/22 17:55;100
1/1/22 18:00;100
1/1/22 18:05;100
1/1/22 18:10;100
1/1/22 18:15;100
1/1/22 18:20;100
1/1/22 18:25;100
1/1/22 18:30;100
1/1/22 18:35;100
1/1/22 18:40;100
1/1/22 18:45;100
1/1/22 18:50;100
1/1/22 18:55;100
1/1/22 19:00;100
1/1/22 19:05;100
1/1/22 19:10;100
1/1/22 19:15;100
1/1/22 19:20;100
1/1/22 19:25;100
1/1/22 19:30;100
1/1/22 19:35;100
1/1/22 19:40;100
1/1/22 19:45;100
1/1/22 19:50;100
1/1/22 19:55;100
1/1/22 20:00;100
1/1/22 20:05;100
1/1/22 20:10;100
1/1/22 20:15;100
1/1/22 20:20;100
1/1/22 20:25;100
1/1/22 20:30;100
1/1/22 20:35;100
1/1/22 20:40;100
1/1/22 20:45;100
1/1/22 20:50;100
1/1/22 20:55;100
1/1/22 21:00;100
1/1/22 21:05;100
1/1/22 21:10;100
1/1/22 21:15;100
1/1/22 21:20;100
1/1/22 21:25;100
1/1/22 21:30;100
1/1/22 21:35;100
1/1/22 21:40;100
1/1/22 21:45;100
1/1/22 21:50;100
1/1/22 21:55;100
1/1/22 22:00;100
1/1/22 22:05;100
1/1/22 22:10;100
1/1/22 22:15;100
1/1/22 22:20;100
1/1/22 22:25;100
1/1/22 22:30;100
1/1/22 22:35;100
1/1/22 22:40;100
1/1/22 22:45;100
1/1/22 22:50;100
1/1/22 22:55;100
1/1/22 23:00;100
1/1/22 23:05;100
1/1/22 23:10;100
1/1/22 23:15;100
1/1/22 23:20;100
1/1/22 23:25;100
1/1/22 23:30;100
1/1/22 23:35;100
1/1/22 23:40;100
1/1/22 23:45;100
1/1/22 23:50;100
1/1/22 23:55;100



